日期,Total_OI,開盤價,最高價,最低價,收盤價,結算價,Inst_Net_OI,Retail_Net_OI,Retail_Ratio
2024/07/29,3043.0,22400,22511,22150,22259,22256,-1645,1645,0.5405849490634242
2024/07/30,5236.0,21930,22300,21810,22259,22252,-1165,1165,0.22249809014514896
2024/07/31,9184.0,21999,22348,21999,22288,22284,3114,-3114,-0.33906794425087106
2024/08/01,11587.0,22719,22727,22461,22655,22660,4726,-4726,-0.4078708897902822
2024/08/02,21206.0,22008,22099,21508,21536,21526,-4597,4597,0.21677827030085825
2024/08/05,26627.0,20737,20747,19374,19374,19374,1712,-1712,-0.06429563976414918
2024/08/06,18819.0,20395,20788,19604,20422,20455,6489,-6489,-0.3448110951697752
2024/08/07,27186.0,20461,21334,20401,21135,21142,14074,-14074,-0.5176929301846539
2024/08/08,29860.0,20700,21080,20550,20693,20698,2687,-2687,-0.08998660415271266
2024/08/09,36389.0,21339,21591,21140,21475,21483,13211,-13211,-0.3630492731319904
2024/08/12,35313.0,21620,21894,21604,21671,21676,11034,-11034,-0.3124628323846742
2024/08/13,35503.0,21835,21898,21663,21770,21771,11052,-11052,-0.3112976368194237
2024/08/14,35503.0,22149,22156,21910,21983,21996,19845,-19845,-0.5589668478720108
2024/08/15,36279.0,21990,22114,21837,21844,21840,17463,-17463,-0.4813528487554784
2024/08/16,29684.0,22366,22445,22278,22369,22365,13584,-13584,-0.4576202668104029
2024/08/19,28460.0,22396,22520,22321,22356,22361,9935,-9935,-0.3490864371047084
2024/08/20,26775.0,22557,22573,22390,22438,22435,8039,-8039,-0.3002427637721755
2024/08/21,26916.0,22288,22343,22152,22199,0,-6974,6974,0.2591023926289196
2024/08/22,25621.0,22232,22275,22026,22101,22100,-9607,9607,0.3749658483275438
2024/08/23,30250.0,21917,22170,21868,22123,22123,-14866,14866,0.4914380165289256
2024/08/26,32314.0,22245,22450,22133,22205,22210,-17272,17272,0.534505168038621
2024/08/27,33276.0,22114,22207,21998,22154,22152,-21668,21668,0.6511599951917297
2024/08/28,32898.0,22202,22411,22050,22401,22405,-14924,14924,0.45364459845583316
2024/08/29,27233.0,22000,22244,21901,22175,22167,-14106,14106,0.5179745162119488
2024/08/30,25775.0,22291,22364,22213,22320,22318,-10137,10137,0.39328806983511155
2024/09/02,32126.0,22320,22445,22173,22220,22212,-19207,19207,0.5978646579094814
2024/09/03,34554.0,22200,22313,22012,22060,22051,-22388,22388,0.6479134108930948
2024/09/04,33907.0,21230,21344,20826,20938,20940,-22580,22580,0.6659391865986375
2024/09/05,34357.0,21297,21452,21057,21179,21183,-18783,18783,0.5467008178828187
2024/09/06,33270.0,21271,21433,21015,21318,21316,-14879,14879,0.44721971746318007
2024/09/09,35607.0,20677,21124,20625,21078,21083,-14621,14621,0.4106215070070492
2024/09/10,37812.0,21250,21258,20906,20995,21005,-18339,18339,0.48500476039352586
2024/09/11,37920.0,21110,21128,20950,21006,21006,-16411,16411,0.4327795358649789
2024/09/12,42710.0,21575,21779,21463,21711,21703,-4179,4179,0.09784593771950363
2024/09/13,41919.0,21776,21832,21658,21818,21815,-6839,6839,0.16314797585820273
2024/09/16,41800.0,21818,21868,21735,21813,21815,-8584,8584,0.20535885167464116
2024/09/18,30050.0,21736,21874,21562,21618,0,-3537,3537,0.11770382695507488
2024/09/19,23709.0,21751,22080,21663,22075,22075,6236,-6236,-0.2630224809144207
2024/09/20,23893.0,22346,22425,22188,22216,22216,1942,-1942,-0.08127903570083288
2024/09/23,25104.0,22280,22391,22258,22340,22338,3665,-3665,-0.14599267049075845
2024/09/24,26640.0,22305,22507,22153,22493,22493,6152,-6152,-0.23093093093093092
2024/09/25,26694.0,22833,22859,22740,22794,22792,3499,-3499,-0.13107814490147598
2024/09/26,27496.0,23007,23076,22894,22957,22957,1647,-1647,-0.05989962176316555
2024/09/27,29187.0,23199,23199,22877,22885,22892,-4239,4239,0.1452358926919519
2024/09/30,34159.0,22668,22755,22315,22326,22326,-13272,13272,0.3885359641675693
2024/10/01,31945.0,22242,22462,22237,22390,22391,-9650,9650,0.3020817029269056
2024/10/04,31406.0,22302,22506,22251,22286,22288,-7931,7931,0.2525313634337388
2024/10/07,30408.0,22570,22807,22538,22777,22767,-1797,1797,0.05909629044988161
2024/10/08,34092.0,22603,22631,22394,22580,22578,-7323,7323,0.21480112636395635
2024/10/09,30572.0,22781,22880,22668,22699,22699,-3241,3241,0.10601203715818396
2024/10/11,31636.0,22822,23048,22796,22912,22911,1983,-1983,-0.06268175496270072
2024/10/14,32018.0,23000,23048,22820,23005,23005,2876,-2876,-0.0898244737335249
2024/10/15,31470.0,23160,23385,23102,23227,23228,6064,-6064,-0.1926914521766762
2024/10/16,28692.0,22890,23203,22853,22997,0,-4162,4162,0.1450578558483201
2024/10/17,24385.0,23150,23275,23003,23258,23256,-2528,2528,0.10367028911215911
2024/10/18,27163.0,23836,23842,23529,23660,23657,-6825,6825,0.2512609063800022
2024/10/21,30065.0,23820,23833,23568,23580,23574,-10758,10758,0.35782471312156994
2024/10/22,32811.0,23575,23634,23333,23621,23621,-9769,9769,0.2977355155283289
2024/10/23,38749.0,23511,23511,23338,23405,23409,-14948,14948,0.38576479393016594
2024/10/24,38853.0,23373,23447,23203,23298,23290,-13894,13894,0.3576043033999948
2024/10/25,37752.0,23272,23482,23252,23479,23476,-7685,7685,0.20356537401991948
2024/10/28,39107.0,23639,23660,23215,23321,23322,-14585,14585,0.3729511340680697
2024/10/29,44733.0,23145,23146,22694,22976,22979,-17414,17414,0.3892875505778732
2024/10/30,41482.0,23072,23140,22848,22898,22901,-17201,17201,0.41466178101345164
2024/11/01,39582.0,22400,22823,22234,22778,22767,-16314,16314,0.4121570410792785
2024/11/04,37680.0,22794,23042,22700,23036,23036,-12071,12071,0.3203556263269639
2024/11/05,35620.0,22836,23204,22781,23137,23137,-12037,12037,0.3379281302638967
2024/11/06,36018.0,23274,23446,23051,23324,23319,-10639,10639,0.29538008773391083
2024/11/07,37016.0,23200,23575,23086,23528,23525,-3704,3704,0.10006483682731791
2024/11/08,36329.0,23762,23792,23532,23778,23774,1438,-1438,-0.03958270252415426
2024/11/11,41032.0,23562,23630,23311,23575,23572,-5453,5453,0.13289627607720803
2024/11/12,49312.0,23023,23240,22863,22869,22875,-11781,11781,0.23890736534717716
2024/11/13,46783.0,22762,23014,22738,22781,22786,-9454,9454,0.20208195284611932
2024/11/14,49379.0,22770,22879,22578,22684,22692,-12480,12480,0.2527390186111505
2024/11/15,48379.0,22713,22928,22685,22761,22762,-8186,8186,0.16920564707827776
2024/11/18,49297.0,22642,22787,22546,22572,22573,-11781,11781,0.23898005963851757
2024/11/19,44810.0,22639,22968,22593,22854,22848,-1733,1733,0.038674403035036824
2024/11/20,48029.0,22900,22955,22670,22689,0,-11490,11490,0.23923046492743968
2024/11/21,48434.0,22652,22732,22515,22573,22575,-15280,15280,0.31548086055250446
2024/11/22,44667.0,22801,23065,22780,23036,23032,1159,-1159,-0.025947567555466004
2024/11/25,48944.0,23245,23288,23016,23065,23062,-4366,4366,0.08920398823144819
2024/11/26,55512.0,22750,22840,22616,22635,22634,-14780,14780,0.2662487390113849
2024/11/27,60814.0,22613,22688,22341,22346,22352,-20529,20529,0.3375702963133489
2024/11/28,57383.0,22298,22384,22118,22338,22330,-16158,16158,0.28158165310283534
2024/11/29,56441.0,22223,22437,22005,22312,22307,-15430,15430,0.27338282454244256
2024/12/02,49650.0,22531,22825,22500,22824,22822,-4010,4010,0.08076535750251762
2024/12/03,46198.0,23150,23176,23000,23110,23111,-542,542,0.011732109615134854
2024/12/04,47365.0,23182,23293,23072,23292,23286,3943,-3943,-0.08324712340335691
2024/12/05,48111.0,23268,23326,23211,23256,23252,2252,-2252,-0.04680842219035148
2024/12/06,47820.0,23330,23360,23136,23179,23180,298,-298,-0.006231702216645755
2024/12/09,47708.0,23204,23285,23171,23248,23250,-322,322,0.006749392135490903
2024/12/10,48891.0,23225,23335,23028,23088,23078,-4319,4319,0.08833936716369066
2024/12/11,51723.0,22881,23055,22826,22850,22847,-6528,6528,0.12621077663708602
2024/12/12,50580.0,23009,23210,23002,23107,23107,-350,350,0.006919731119019375
2024/12/13,53361.0,22980,23090,22889,22985,22984,-3257,3257,0.06103708701111298
2024/12/16,51438.0,23210,23268,22945,22965,22966,-2499,2499,0.048582759827364985
2024/12/17,48628.0,23110,23214,23026,23034,23030,-418,418,0.008595870691782512
2024/12/18,39636.0,22929,23198,22902,23107,0,-5411,5411,0.13651730749823393
2024/12/19,38710.0,22759,22905,22720,22852,22852,-7680,7680,0.19839834668044434
2024/12/20,46509.0,22780,22793,22591,22632,22631,-16027,16027,0.3445999698982993
2024/12/23,35484.0,22895,23242,22895,23238,23233,-733,733,0.020657197610190508
2024/12/24,35152.0,23427,23449,23189,23215,23201,-4333,4333,0.12326467910787438
2024/12/25,36974.0,23345,23348,23243,23329,23326,-95,95,0.0025693730729701952
2024/12/26,35990.0,23358,23380,23286,23325,23326,-4268,4268,0.11858849680466796
2024/12/27,34921.0,23206,23375,23155,23373,23372,-1764,1764,0.05051401735345494
2024/12/30,40352.0,23208,23321,23156,23172,23171,-6237,6237,0.15456482950039652
2024/12/31,49688.0,23012,23108,22957,23048,23044,-14846,14846,0.2987844147480277
2025/01/02,58890.0,22945,22992,22690,22842,22843,-24251,24251,0.41180166411954494
2025/01/03,49278.0,22900,23106,22900,22978,22977,-12457,12457,0.25279029181379115
2025/01/06,51725.0,23225,23620,23218,23611,23606,7112,-7112,-0.13749637506041565
2025/01/07,52981.0,23961,23990,23727,23751,23742,3591,-3591,-0.06777901511862744
2025/01/08,49693.0,23550,23648,23441,23455,23449,-8289,8289,0.16680417765077576
2025/01/09,58972.0,23278,23410,23084,23099,23099,-20207,20207,0.34265414094824664
2025/01/10,60787.0,23081,23138,22957,23052,23058,-22331,22331,0.36736473259085
2025/01/13,66751.0,22968,23010,22431,22530,22540,-32005,32005,0.47946847238243623
2025/01/14,59834.0,22568,22766,22531,22755,22754,-24466,24466,0.4088979509977605
2025/01/15,61372.0,22717,22748,22494,22517,0,-24385,24385,0.397331030437333
2025/01/16,39786.0,23050,23215,22991,23032,23035,-16124,16124,0.4052681847886191
2025/01/17,41042.0,23277,23300,22956,23195,23188,-16807,16807,0.4095073339505872
2025/01/20,40690.0,23273,23416,23223,23349,23343,-12137,12137,0.2982796755959695
2025/01/21,41797.0,23419,23431,23206,23368,23361,-14152,14152,0.33858889393975644
2025/01/22,45830.0,23595,23720,23573,23700,23689,-10862,10862,0.23700632773292604
2025/02/03,44390.0,22927,22931,22569,22595,22596,-29369,29369,0.661612975895472
2025/02/04,43970.0,22909,22941,22710,22825,22825,-24557,24557,0.558494428019104
2025/02/05,46945.0,23066,23281,23063,23134,23137,-16786,16786,0.3575673660666738
2025/02/06,49460.0,23360,23378,23235,23293,23295,-16229,16229,0.32812373635260816
2025/02/07,52097.0,23290,23464,23281,23432,23428,-11984,11984,0.23003243948787838
2025/02/10,48761.0,23315,23364,23167,23242,23236,-18317,18317,0.37564857160435594
2025/02/11,51992.0,23383,23501,23303,23341,23334,-17013,17013,0.32722341898753654
2025/02/12,52263.0,23424,23535,23294,23310,23311,-15411,15411,0.29487400264049135
2025/02/13,54783.0,23430,23451,23257,23401,23401,-19131,19131,0.3492141722797218
2025/02/14,58775.0,23339,23354,23117,23175,23180,-33449,33449,0.5691025095703955
2025/02/17,56771.0,23300,23538,23270,23508,23506,-11986,11986,0.21112892145637738
2025/02/18,59609.0,23572,23663,23468,23650,23645,-8992,8992,0.15084970390377292
2025/02/19,38418.0,23563,23698,23560,23610,0,5143,-5143,-0.13386954031964182
2025/02/20,32672.0,23520,23563,23374,23533,23536,-184,184,0.005631733594515181
2025/02/21,40838.0,23535,23760,23475,23750,23743,9790,-9790,-0.2397277045888633
2025/02/24,38507.0,23539,23563,23445,23552,23556,746,-746,-0.019373100994624352
2025/02/25,46945.0,23215,23344,23140,23295,23295,-10907,10907,0.23233571200340825
2025/02/26,50722.0,23148,23419,23105,23419,23417,-3330,3330,0.06565198533180869
2025/02/27,49817.0,23390,23433,23126,23190,23189,-10826,10826,0.21731537426982758
2025/03/03,67319.0,22653,22795,22613,22723,22724,-25492,25492,0.3786746683699996
2025/03/04,67584.0,22249,22668,22193,22580,22588,-19215,19215,0.28431285511363635
2025/03/05,60715.0,22643,22925,22639,22895,22892,-8967,8967,0.14769002717615087
2025/03/06,67371.0,23000,23015,22706,22762,22762,-17407,17407,0.2583752653218744
2025/03/07,71568.0,22488,22684,22482,22523,22523,-22726,22726,0.31754415381175943
2025/03/10,74361.0,22468,22548,22316,22443,22446,-24737,24737,0.33266093785721007
2025/03/11,80736.0,21862,22085,21662,22025,22027,-28177,28177,0.3490016845025763
2025/03/12,77000.0,22090,22344,22046,22235,22234,-17802,17802,0.2311948051948052
2025/03/13,78294.0,22443,22475,21917,21919,21923,-21610,21610,0.2760109331494112
2025/03/14,77785.0,22120,22133,21876,21964,21962,-20862,20862,0.26820080992479267
2025/03/17,71989.0,22170,22310,22112,22155,22155,-13748,13748,0.1909736209698704
2025/03/18,66599.0,22393,22393,22191,22228,22227,-15231,15231,0.22869712758449826
2025/03/19,62982.0,22227,22245,21944,21963,0,-23774,23774,0.3774729287733003
2025/03/20,44084.0,22238,22418,22203,22370,22365,-10103,10103,0.22917611831957171
2025/03/21,52103.0,22321,22375,22174,22179,22181,-19011,19011,0.36487342379517496
2025/03/24,54107.0,22287,22397,22126,22155,22151,-20691,20691,0.38240893045262164
2025/03/25,46317.0,22334,22443,22203,22300,22301,-13222,13222,0.2854675389165965
2025/03/26,48494.0,22399,22428,22252,22306,22304,-13895,13895,0.2865302924073081
2025/03/27,66916.0,22030,22053,21890,21970,21971,-30255,30255,0.45213401876980097
2025/03/28,74302.0,21749,21793,21484,21602,21599,-38454,38454,0.5175365400662163
2025/03/31,67952.0,20868,21063,20725,20769,20764,-35846,35846,0.5275194254768072
2025/04/01,58506.0,21023,21270,20888,21180,21187,-19761,19761,0.3377602297200287
2025/04/02,54863.0,21270,21358,21187,21302,21296,-15792,15792,0.28784426662778195
2025/04/07,50494.0,19167,19167,19167,19167,19167,-13529,13529,0.267932823701826
2025/04/08,45252.0,18610,18753,18006,18172,18169,-16554,16554,0.36581808538849114
2025/04/09,55017.0,17861,18281,17141,17198,17184,-28485,28485,0.5177490593816457
2025/04/10,41883.0,18902,18902,18902,18902,18902,-7103,7103,0.1695914810304897
2025/04/11,39387.0,18561,19564,18443,19531,19543,-3798,3798,0.09642775535075025
2025/04/14,39484.0,19795,19981,19453,19496,19497,-9745,9745,0.24680883395805897
2025/04/15,40337.0,19583,19832,19518,19798,19794,4356,-4356,-0.10799018271066267
2025/04/16,39056.0,19628,19675,19427,19547,0,-12681,12681,0.32468762802130274
2025/04/17,35783.0,19235,19405,19114,19370,19367,-7271,7271,0.2031970488779588
2025/04/18,36512.0,19350,19430,19290,19332,19334,-8183,8183,0.2241180981595092
2025/04/21,40900.0,19347,19368,19030,19099,19099,-14082,14082,0.3443031784841076
2025/04/22,44125.0,18924,19035,18775,18799,18803,-18682,18682,0.4233881019830028
2025/04/23,38694.0,19240,19593,19172,19558,19558,5332,-5332,-0.1377991419858376
2025/04/24,37725.0,19653,19684,19415,19464,19460,-2868,2868,0.07602385685884692
2025/04/25,42067.0,19980,20007,19850,19876,19873,9999,-9999,-0.23769225283476358
2025/04/28,41550.0,19971,20052,19933,19965,19965,6641,-6641,-0.1598315282791817
2025/04/29,43351.0,19978,20206,19962,20157,20155,9508,-9508,-0.21932596710571844
2025/04/30,43105.0,20092,20266,20067,20148,20154,8780,-8780,-0.2036886672079805
2025/05/02,54146.0,20472,20711,20466,20681,20682,18602,-18602,-0.34355261699848555
2025/05/05,51344.0,20766,20798,20209,20406,20423,-1723,1723,0.033557961981925837
2025/05/06,52819.0,20144,20482,20144,20343,20345,-1228,1228,0.02324920956473996
2025/05/07,50550.0,20431,20555,20268,20378,20377,1013,-1013,-0.02003956478733927
2025/05/08,52637.0,20476,20694,20452,20574,20578,7395,-7395,-0.14049052947546403
2025/05/09,56228.0,20657,20869,20596,20848,20845,12639,-12639,-0.2247812477769083
2025/05/12,55135.0,21002,21133,20978,21066,21073,10381,-10381,-0.1882833046159427
2025/05/13,54129.0,21421,21519,21287,21358,21355,11697,-11697,-0.21609488444272018
2025/05/14,56919.0,21677,21785,21581,21774,21772,19748,-19748,-0.3469491733867426
2025/05/15,55982.0,21780,21810,21677,21694,21695,16245,-16245,-0.2901825586795756
2025/05/16,57190.0,21781,21875,21681,21823,21823,17765,-17765,-0.3106312292358804
2025/05/19,57278.0,21694,21748,21500,21540,21538,4895,-4895,-0.08546038618666853
2025/05/20,56264.0,21784,21784,21505,21540,21543,5195,-5195,-0.09233257500355467
2025/05/21,46475.0,21555,21855,21555,21851,0,10595,-10595,-0.22797202797202798
2025/05/22,36953.0,21444,21549,21398,21502,21499,3906,-3906,-0.10570183746921766
2025/05/23,39683.0,21542,21638,21372,21468,21466,3812,-3812,-0.096061285689086
2025/05/26,40582.0,21439,21563,21356,21382,21381,-450,450,0.011088659997043024
2025/05/27,45149.0,21400,21437,21134,21229,21221,-6973,6973,0.1544441737358524
2025/05/28,46658.0,21410,21511,21151,21248,21250,-6619,6619,0.14186206009687513
2025/05/29,47356.0,21496,21615,21275,21324,21317,-7686,7686,0.1623025593377819
2025/06/02,57503.0,20969,21049,20790,20866,20870,-19688,19688,0.3423821365841782
2025/06/03,47923.0,21035,21219,20960,20972,20974,-5283,5283,0.110239342278238
2025/06/04,48368.0,21269,21535,21260,21480,21479,11877,-11877,-0.24555491233873636
2025/06/05,47320.0,21586,21676,21513,21556,21554,9667,-9667,-0.20428994082840238
2025/06/06,47383.0,21582,21630,21514,21569,21566,7421,-7421,-0.1566173522149294
2025/06/09,47263.0,21665,21786,21625,21727,21719,8453,-8453,-0.17885026341958826
2025/06/10,51565.0,21859,22238,21855,22115,22116,16448,-16448,-0.3189760496460778
2025/06/11,51896.0,22300,22355,22191,22349,22344,17076,-17076,-0.32904270078618775
2025/06/12,50052.0,22321,22328,22216,22255,22253,11898,-11898,-0.23771277871014146
2025/06/13,49899.0,21974,22138,21893,21940,21940,316,-316,-0.006332792240325458
2025/06/16,54066.0,22041,22062,21869,22034,22032,1281,-1281,-0.023693263788702696
2025/06/17,55715.0,22145,22259,22061,22165,22163,855,-855,-0.015345957103114063
2025/06/18,51190.0,22100,22385,22080,22308,0,5131,-5131,-0.10023442078530963
2025/06/19,44149.0,21817,21856,21676,21703,21703,-5675,5675,0.1285419828308682
2025/06/20,44778.0,21626,21741,21470,21650,21650,-2628,2628,0.05868953503952834
2025/06/23,48781.0,21343,21482,21210,21475,21472,-7516,7516,0.15407638219798692
2025/06/24,40401.0,21763,21965,21763,21963,21959,6119,-6119,-0.15145664711269524
2025/06/25,42464.0,22154,22168,22018,22160,22163,4416,-4416,-0.1039939713639789
2025/06/26,45462.0,22165,22264,22079,22113,22115,3577,-3577,-0.07868109630020677
2025/06/27,45709.0,22198,22220,21990,22119,22122,-102,102,0.0022315080181145946
2025/06/30,42717.0,22231,22253,22084,22143,22144,5689,-5689,-0.13317882810122433
2025/07/01,44027.0,22190,22593,22180,22351,22352,14590,-14590,-0.33138755763508754
2025/07/02,48953.0,22300,22399,22210,22390,22393,15322,-15322,-0.3129940963781586
2025/07/03,51552.0,22576,22715,22547,22680,22680,25116,-25116,-0.4871973929236499
2025/07/04,51026.0,22750,22764,22431,22435,22436,8967,-8967,-0.1757339395602242
2025/07/07,52003.0,22343,22504,22246,22333,22328,8174,-8174,-0.15718323942849452
2025/07/08,49374.0,22330,22397,22143,22255,22258,4137,-4137,-0.08378903876534208
2025/07/09,49694.0,22253,22473,22150,22431,22434,9603,-9603,-0.1932426449873224
2025/07/10,49252.0,22476,22646,22410,22609,22607,17441,-17441,-0.3541175992853082
2025/07/11,53331.0,22542,22774,22486,22767,22767,23147,-23147,-0.43402523860418896
2025/07/14,57520.0,22661,22695,22521,22548,22547,13850,-13850,-0.24078581363004173
2025/07/15,54481.0,22525,22881,22510,22810,22804,25273,-25273,-0.4638864925386832
2025/07/16,48508.0,22850,23117,22843,23049,0,16414,-16414,-0.3383771748989857
2025/07/17,44101.0,22960,23149,22867,23147,23137,17254,-17254,-0.3912382939162377
2025/07/18,45157.0,23352,23398,23230,23261,23260,12467,-12467,-0.27608122771663307
2025/07/21,44365.0,23235,23300,23171,23225,23220,11905,-11905,-0.2683421616138848
2025/07/22,48132.0,23250,23406,22981,22989,22996,5080,-5080,-0.10554308983628355
2025/07/23,45663.0,22987,23256,22987,23188,23184,11431,-11431,-0.2503339684208221
2025/07/24,45076.0,23398,23405,23230,23304,23303,10239,-10239,-0.22714970272428786
2025/07/25,45700.0,23250,23327,23208,23242,23237,5818,-5818,-0.12730853391684901
2025/07/28,45730.0,23368,23483,23266,23398,23385,9937,-9937,-0.2172971790946862
2025/07/29,45835.0,23334,23359,23029,23165,23151,2466,-2466,-0.053801679938911315
2025/07/30,45707.0,23207,23419,23200,23370,23359,16977,-16977,-0.3714310718270724
2025/07/31,50941.0,23492,23622,23356,23607,23584,22181,-22181,-0.4354252959305864
2025/08/01,53987.0,23150,23437,23040,23340,23345,3961,-3961,-0.07336951488321262
2025/08/04,60072.0,23120,23298,23030,23257,23272,5596,-5596,-0.09315488080969503
2025/08/05,58900.0,23430,23583,23420,23576,23577,19212,-19212,-0.3261799660441426
2025/08/06,61247.0,23421,23483,23382,23423,23417,10804,-10804,-0.1764004767580453
2025/08/07,63140.0,23624,24053,23621,24000,23997,30569,-30569,-0.4841463414634146
2025/08/08,65877.0,24080,24097,23950,23953,23953,24914,-24914,-0.37818965648101766
2025/08/11,63279.0,23970,24222,23833,24161,24148,26168,-26168,-0.4135337157666841
2025/08/12,64903.0,24152,24239,24090,24142,24142,25858,-25858,-0.398409934825817
2025/08/13,64944.0,24305,24407,24155,24344,24343,27329,-27329,-0.4208086967233309
2025/08/14,68942.0,24339,24363,24208,24250,24252,21776,-21776,-0.3158597081604827
2025/08/15,70023.0,24282,24383,24188,24304,24297,22193,-22193,-0.31693872013481283
2025/08/18,74266.0,24198,24462,24178,24425,24424,29467,-29467,-0.3967764522123179
2025/08/19,72797.0,24383,24447,24314,24343,24346,21928,-21928,-0.3012212041705015
2025/08/20,76036.0,24170,24203,23630,23636,0,-17688,17688,0.2326266505339576
2025/08/21,43956.0,23722,23940,23690,23854,23852,-7254,7254,0.16502866502866503
2025/08/22,45429.0,23866,23980,23732,23748,23750,-5877,5877,0.1293667040876973
2025/08/25,46175.0,24123,24310,24070,24256,24255,10044,-10044,-0.21752030319436924
2025/08/26,45101.0,24155,24280,24090,24259,24255,3265,-3265,-0.07239307332431653
2025/08/27,49488.0,24352,24495,24333,24467,24464,12819,-12819,-0.2590324927255092
2025/08/28,49310.0,24355,24419,24205,24228,24224,-598,598,0.012127357533968769
2025/08/29,48473.0,24401,24452,24247,24266,24268,-70,70,0.0014441029026468343
2025/09/01,52977.0,24125,24244,23847,24010,24007,-13641,13641,0.2574890990429809
2025/09/02,51316.0,24083,24247,23882,23973,23972,-10884,10884,0.21209759139449685
2025/09/03,54379.0,23964,24081,23888,23999,23997,-9363,9363,0.17218043730116406
2025/09/04,49777.0,24187,24363,24113,24134,24130,-1373,1373,0.02758302027040601
2025/09/05,54323.0,24361,24428,24284,24419,24424,11493,-11493,-0.21156784419122654
2025/09/08,56822.0,24585,24673,24518,24555,24556,12873,-12873,-0.22654957586850163
2025/09/09,64001.0,24720,24837,24661,24804,24803,20860,-20860,-0.3259324073061358
2025/09/10,72380.0,24970,25244,24962,25172,25176,27290,-27290,-0.37703785576126003
2025/09/11,67782.0,25383,25466,25177,25235,25233,24666,-24666,-0.3639019208639462
2025/09/12,67344.0,25410,25465,25350,25463,25458,28022,-28022,-0.4161023996198622
2025/09/15,63909.0,25405,25449,25270,25351,25347,20199,-20199,-0.3160587710651082
2025/09/16,67314.0,25421,25664,25411,25628,25625,25670,-25670,-0.3813471194699468
2025/09/17,58382.0,25552,25583,25401,25434,0,6844,-6844,-0.11722791271282244
2025/09/18,50696.0,25615,25745,25490,25713,25712,13735,-13735,-0.2709286728735995
2025/09/19,47730.0,25844,25853,25638,25669,25670,3914,-3914,-0.08200293316572387
2025/09/22,53352.0,25749,25939,25689,25890,25893,9622,-9622,-0.18034937771779877
2025/09/23,57136.0,26057,26325,26023,26269,26263,10723,-10723,-0.18767502100252031
2025/09/24,54251.0,26380,26390,26073,26236,26234,-1769,1769,0.03260769386739415
2025/09/25,55643.0,26180,26280,26089,26102,26095,-4444,4444,0.07986629045881782
2025/09/26,57838.0,25952,25989,25500,25661,25660,-20262,20262,0.3503233168505135
2025/09/30,56294.0,25787,26045,25787,25956,25953,-11667,11667,0.2072512168259495
2025/10/01,55857.0,26097,26375,26000,26050,26043,-8912,8912,0.1595502801797447
2025/10/02,58177.0,26455,26526,26380,26432,26424,-539,539,0.00926482974371315
2025/10/03,59142.0,26465,26764,26388,26748,26736,5281,-5281,-0.08929356464103344
2025/10/07,56504.0,27217,27358,26997,27323,27317,4362,-4362,-0.07719807447260371
2025/10/08,56838.0,27059,27125,26909,27093,27093,-9059,9059,0.15938280727682183
2025/10/09,55256.0,27433,27455,27275,27330,27338,-3455,3455,0.06252714637324454
2025/10/13,58219.0,26402,26943,26392,26911,26915,-14729,14729,0.2529930091550868
2025/10/14,52722.0,27261,27449,26715,26719,26725,-13697,13697,0.2597966693221046
2025/10/15,46496.0,26841,27189,26772,27158,0,7161,-7161,-0.1540132484514797
2025/10/16,48512.0,27527,27877,27450,27825,27818,12000,-12000,-0.24736147757255936
2025/10/17,41206.0,27306,27545,27227,27324,27328,-3076,3076,0.07464932291413871
2025/10/20,46598.0,27442,27822,27434,27782,27780,11646,-11646,-0.2499248894802352
2025/10/21,49143.0,27905,28035,27796,27831,27831,16136,-16136,-0.32834788270964327
2025/10/22,44234.0,27692,27795,27526,27706,27708,3057,-3057,-0.06910973459329928
2025/10/23,49998.0,27388,27629,27314,27557,27556,374,-374,-0.0074802992119684785
2025/10/27,46636.0,28234,28287,28080,28220,28219,12351,-12351,-0.2648383223261
2025/10/28,47874.0,28262,28262,27983,28004,28005,-1549,1549,0.03235576722229185
2025/10/29,52945.0,28210,28444,28210,28414,28414,15653,-15653,-0.2956464255359335
2025/10/30,48275.0,28426,28551,28182,28400,28399,9247,-9247,-0.19154842050750906
2025/10/31,49143.0,28431,28588,28378,28436,28430,11383,-11383,-0.23163014061005638
2025/11/03,51802.0,28377,28582,28230,28342,28341,3196,-3196,-0.061696459596154586
2025/11/04,52360.0,28430,28593,28111,28115,28119,-5470,5470,0.10446906035141329
2025/11/05,58344.0,27728,27849,27414,27805,27808,-17397,17397,0.29817976141505553
2025/11/06,54287.0,28021,28141,27902,28031,28034,-8962,8962,0.16508556376296352
2025/11/07,62315.0,27770,27838,27596,27734,27721,-22088,22088,0.35445719329214476
2025/11/10,62010.0,27752,28038,27718,28020,28016,-11524,11524,0.1858409933881632
2025/11/11,65467.0,28154,28180,27760,27780,27780,-20185,20185,0.3083232773763881
2025/11/12,64332.0,27895,28079,27858,28052,28059,-7545,7545,0.11728222346577132
2025/11/13,66553.0,28045,28046,27805,27979,27978,-18334,18334,0.2754796928763542
2025/11/14,76661.0,27508,27595,27365,27402,27404,-37122,37122,0.4842357913410991
2025/11/17,65323.0,27577,27690,27465,27480,27481,-20314,20314,0.31097775668600647
2025/11/18,75549.0,27160,27298,26774,26800,26814,-39298,39298,0.5201657202610227
2025/11/19,69300.0,26820,26915,26536,26613,0,-29401,29401,0.4242568542568543
2025/11/20,50050.0,27290,27492,27200,27485,27484,-6208,6208,0.12403596403596404
2025/11/21,67691.0,26764,26769,26396,26485,26476,-42598,42598,0.6293007933107798
2025/11/24,56928.0,26700,26729,26537,26615,26614,-29723,29723,0.5221156548622822
2025/11/25,54044.0,27055,27103,26774,26934,26933,-18553,18553,0.34329435274961145
2025/11/26,60216.0,27180,27382,27132,27334,27339,-4549,4549,0.07554470572605287
2025/11/27,62188.0,27517,27648,27462,27581,27579,2009,-2009,-0.03230526789734354
2025/11/28,65510.0,27589,27852,27558,27745,27737,6063,-6063,-0.09255075560983056
2025/12/01,62329.0,27680,27680,27403,27406,27406,-12585,12585,0.2019124324150877
2025/12/02,59121.0,27670,27788,27530,27563,27559,-6736,6736,0.11393582652526175
2025/12/03,61409.0,27802,27889,27691,27759,27760,-4397,4397,0.0716018824602257
2025/12/04,63665.0,27843,27878,27671,27795,27798,-5553,5553,0.0872221785910626
2025/12/05,68009.0,27785,28019,27764,28018,28010,4436,-4436,-0.06522666117719714
2025/12/08,66651.0,28051,28298,28021,28287,28284,9381,-9381,-0.14074807579781248
2025/12/09,64980.0,28319,28360,28203,28224,28217,-1804,1804,0.027762388427208372
2025/12/10,67183.0,28276,28433,28253,28397,28400,8828,-8828,-0.1314022892696069
2025/12/11,69157.0,28609,28612,28060,28106,28101,-12875,12875,0.1861705973364952
2025/12/12,65852.0,28266,28341,28158,28294,28290,-5731,5731,0.0870284881248861
2025/12/15,70835.0,27822,27983,27754,27909,27910,-20536,20536,0.2899131785134467
2025/12/16,74957.0,27644,27690,27411,27625,27635,-33099,33099,0.44157316861667356
2025/12/17,68468.0,27614,27773,27475,27482,0,-24081,24081,0.35171174855406906
2025/12/18,60093.0,27493,27678,27458,27589,27598,-31348,31348,0.5216580966169104
2025/12/19,53836.0,27802,27984,27797,27897,27897,-9349,9349,0.17365703246897987
2025/12/22,52166.0,28260,28367,28170,28339,28341,2466,-2466,-0.04727216961239121
2025/12/23,55016.0,28387,28455,28358,28414,28415,3823,-3823,-0.06948887596335611
2025/12/24,57108.0,28562,28580,28400,28469,28467,2907,-2907,-0.05090355116621139
2025/12/26,61550.0,28580,28714,28537,28674,28677,13194,-13194,-0.21436230706742485
2025/12/29,66700.0,28739,28998,28714,28948,28940,19292,-19292,-0.2892353823088456
2025/12/30,64429.0,28782,28941,28705,28880,28875,6974,-6974,-0.10824318241785531
2025/12/31,68800.0,28841,29052,28782,29022,29014,16867,-16867,-0.24515988372093023
2026/01/02,75395.0,29052,29498,29035,29475,29479,29912,-29912,-0.3967371841634061
2026/01/05,76743.0,29890,30487,29842,30314,30309,29005,-29005,-0.3779497804360007
2026/01/06,77988.0,30285,30672,30183,30616,30627,24119,-24119,-0.30926552802995333
2026/01/07,76825.0,30610,30677,30451,30522,30516,16145,-16145,-0.21015294500488121
2026/01/08,77391.0,30348,30662,30347,30461,30458,19235,-19235,-0.24854311224819423
2026/01/09,74629.0,30450,30578,30007,30451,30453,17927,-17927,-0.24021492985300621
2026/01/12,74643.0,30741,30762,30556,30704,30700,18173,-18173,-0.24346556274533446
2026/01/13,74280.0,31073,31253,30625,30870,30870,12284,-12284,-0.16537425955842758
2026/01/14,75597.0,30995,31161,30938,30985,30980,11881,-11881,-0.1571623212561345
2026/01/15,77126.0,30834,31055,30745,31055,31050,11621,-11621,-0.15067551798355938
2026/01/16,73368.0,31380,31534,31158,31475,31476,20386,-20386,-0.27785955730018536
2026/01/19,79576.0,31250,31774,31208,31673,31672,20889,-20889,-0.26250376998089875
2026/01/20,79267.0,31505,31740,31328,31672,31668,18281,-18281,-0.23062560712528543
2026/01/21,59648.0,31300,31650,31200,31246,0,3687,-3687,-0.061812634120171676
2026/01/22,49934.0,31878,32054,31784,31863,31863,15070,-15070,-0.3017983738534866
2026/01/23,53430.0,31997,32165,31872,32152,32159,19475,-19475,-0.3644956017218791
2026/01/26,53028.0,32153,32232,32088,32144,32150,13165,-13165,-0.24826506751150335
2026/01/27,57542.0,32314,32531,32208,32508,32505,22071,-22071,-0.3835633102777102
2026/01/28,57020.0,32761,32938,32668,32924,32925,17744,-17744,-0.31118905647141354
2026/01/29,53685.0,33016,33016,32588,32776,32774,-2710,2710,0.050479649809071436
2026/01/30,50482.0,32450,32526,32092,32253,32252,-10809,10809,0.2141159225070322
2026/02/02,53617.0,31898,31963,31393,31610,31616,-15346,15346,0.2862151929425369
2026/02/03,48482.0,32359,32444,32003,32266,32284,-5712,5712,0.11781692174415247
2026/02/04,48724.0,32104,32475,32034,32420,32416,-1992,1992,0.040883342911091046
2026/02/05,56242.0,31970,32165,31800,31910,31902,-18236,18236,0.32424166992638953
2026/02/06,53173.0,31488,31883,31222,31803,31789,-9255,9255,0.1740545013446674
2026/02/09,49801.0,32856,32856,32514,32656,32650,5471,-5471,-0.10985723178249433
2026/02/10,51099.0,32900,33310,32881,33309,33303,14018,-14018,-0.27433022172645255
2026/02/11,46913.0,33350,33844,33273,33699,33686,10400,-10400,-0.22168695244388548
2026/02/23,40200.0,34141,34355,33836,33841,0,-217,217,0.005398009950248756
2026/02/24,46090.0,34100,34955,34100,34835,34837,14917,-14917,-0.3236493816446084
2026/02/25,45070.0,35266,35775,35064,35493,35489,6872,-6872,-0.15247392944308852
2026/02/26,45638.0,35532,35756,35350,35608,35611,6344,-6344,-0.13900696787764583
2026/03/02,55590.0,34732,35496,34701,35239,35238,-6891,6891,0.12396114409066379
2026/03/03,68414.0,35029,35319,34314,34332,34331,-27137,27137,0.39665857865349197
2026/03/04,75909.0,33445,33666,32680,32827,32871,-41082,41082,0.5412006481444888
2026/03/05,65851.0,33900,34293,33391,33641,33666,-22839,22839,0.3468284460372659
2026/03/06,68658.0,33343,33888,33294,33710,33703,-21811,21811,0.31767601736141454
2026/03/09,78866.0,31702,32110,31123,31779,31902,-33465,33465,0.42432734004513983
2026/03/10,79425.0,33240,33332,32375,32698,32717,-21955,21955,0.2764242996537614
2026/03/11,78678.0,33330,34184,33277,33985,34004,-4036,4036,0.05129769439995933
2026/03/12,82241.0,33668,33938,33328,33530,33512,-24646,24646,0.29968020816867497
2026/03/13,87128.0,32658,33513,32653,33319,33304,-19026,19026,0.21836837755945276
2026/03/16,82326.0,33371,33722,33076,33263,33264,-20210,20210,0.24548745232368874
2026/03/17,79609.0,33621,34016,33595,33802,33801,-6513,6513,0.0818123578992325
2026/03/18,63730.0,34250,34440,34100,34266,0,-1283,1283,0.020131806056802135
2026/03/19,60461.0,33888,34083,33541,33542,33559,-35868,35868,0.5932419245464018
2026/03/20,54582.0,33785,33886,33394,33557,33559,-22863,22863,0.4188743541826976
2026/03/23,69475.0,32549,32887,32215,32527,32559,-35105,35105,0.5052896725440806
2026/03/24,60246.0,33337,33395,32336,32783,32781,-27627,27627,0.45856986355940643
2026/03/25,56594.0,33770,33870,33444,33634,33623,-18377,18377,0.3247164010319115
2026/03/26,59641.0,33845,34023,33350,33452,33441,-21584,21584,0.3618986938515451
2026/03/27,66980.0,32788,33240,32664,33138,33126,-31471,31471,0.4698566736339206
2026/03/30,72582.0,32053,32711,32028,32473,32480,-32600,32600,0.44914717147502137
2026/03/31,79812.0,32000,32447,31803,31959,31954,-43983,43983,0.5510825439783491
2026/04/01,72371.0,33011,33410,32909,33399,33389,-6552,6552,0.0905335009879648
2026/04/02,81805.0,33680,33690,32498,32501,32505,-35297,35297,0.4314772935639631
2026/04/07,71994.0,33133,33374,32957,33166,33177,-15331,15331,0.21294830124732617
2026/04/08,72145.0,34600,35062,34476,35002,35016,1464,-1464,-0.020292466560399194
2026/04/09,71129.0,35097,35140,34747,34922,34924,-14904,14904,0.20953478890466617
2026/04/10,64068.0,35240,35577,35215,35567,35569,9844,-9844,-0.153649247674346
2026/04/13,61883.0,35308,35652,35185,35454,35460,8057,-8057,-0.13019730782282696
2026/04/14,69637.0,36050,36430,35990,36371,36377,19952,-19952,-0.28651435300199607
2026/04/15,59575.0,36730,37067,36618,36645,0,1659,-1659,-0.027847251363827107
2026/04/16,48114.0,37308,37665,37104,37648,37649,2944,-2944,-0.061188011805295754
2026/04/17,50000.0,37200,37388,37033,37081,37078,-8418,8418,0.16836
2026/04/20,48978.0,37385,37705,37212,37258,37240,-6562,6562,0.13397852096859814
2026/04/21,52209.0,37700,38159,37651,38046,38048,7623,-7623,-0.14600930873987245
2026/04/22,49851.0,38125,38368,37925,38205,38216,2836,-2836,-0.05688953080178933
2026/04/23,48147.0,38709,39082,37410,37884,37851,-859,859,0.017841194674642243
2026/04/24,60027.0,38271,39242,38250,39218,39222,21646,-21646,-0.3606043946890566
2026/04/27,54524.0,39990,40445,39838,39900,39921,11417,-11417,-0.20939402831780501
2026/04/28,53062.0,39796,40344,39660,39736,39733,6590,-6590,-0.12419433869812672
2026/04/29,51125.0,39660,39784,39126,39482,39479,-4678,4678,0.09150122249388754
2026/04/30,50760.0,39600,39938,39266,39359,39342,-4687,4687,0.0923364854215918
